{"cameraMode":{"drawMode":0,"name":"Shaded","section":"Shading Mode"},"sceneLighting":true,"audioPlay":false,"sceneViewState":{"showFog":true,"showMaterialUpdate":false,"showSkybox":true,"showFlares":true,"showImageEffects":true,"showParticleSystems":true},"in2DMode":false,"pivot":{"x":321.3882751464844,"y":173.72454833984376,"z":9.1083984375},"rotation":{"x":-0.03480257838964462,"y":0.002095835981890559,"z":-0.00007292802183656022,"w":-0.9993929862976074},"size":326.36279296875,"orthographic":false}